Player,G,REC,YDS,Y/R,YBC,YBC/R,AIR,AIR/R,YAC,YAC/R,YACON,YACON/R,BRKTKL,TGT,% TM,CATCHABLE,DROP,RZ TGT,10+ YDS,20+ YDS,30+ YDS,40+ YDS,50+ YDS,LNG,POS
CeeDee Lamb (DAL),17.0,135.0,"1,749",13.0,"1,073",7.9,"1,726",12.8,676.0,5.0,207.0,1.5,11.0,181.0,29.9%,143.0,6.0,31.0,73.0,29.0,8.0,3.0,1.0,92.0,WR
Tyreek Hill (MIA),16.0,119.0,"1,799",15.1,"1,146",9.6,"1,847",15.5,653.0,5.5,85.0,0.7,12.0,171.0,31.1%,131.0,12.0,24.0,64.0,29.0,14.0,9.0,5.0,78.0,WR
Amon-Ra St. Brown (DET),16.0,119.0,"1,515",12.7,847,7.1,"1,297",10.9,668.0,5.6,159.0,1.3,10.0,164.0,28.6%,127.0,8.0,23.0,60.0,24.0,6.0,3.0,1.0,70.0,WR
Mike Evans (TB),17.0,79.0,"1,255",15.9,933,11.8,"1,899",24.0,322.0,4.1,76.0,1.0,2.0,136.0,24.7%,86.0,7.0,14.0,46.0,20.0,10.0,6.0,3.0,75.0,WR
Puka Nacua (LAR),17.0,105.0,"1,486",14.2,854,8.1,"1,453",13.8,632.0,6.0,233.0,2.2,7.0,160.0,28.8%,117.0,13.0,16.0,59.0,25.0,10.0,3.0,2.0,80.0,WR
DJ Moore (CHI),17.0,96.0,"1,364",14.2,825,8.6,"1,479",15.4,539.0,5.6,166.0,1.7,9.0,136.0,28.5%,100.0,4.0,11.0,53.0,25.0,12.0,2.0,2.0,58.0,WR
Deebo Samuel Sr. (SF),15.0,60.0,892,14.9,365,6.1,588,9.8,527.0,8.8,173.0,2.9,12.0,89.0,18.9%,63.0,2.0,17.0,32.0,15.0,8.0,6.0,1.0,54.0,WR
A.J. Brown (PHI),17.0,106.0,"1,456",13.7,983,9.3,"1,852",17.5,473.0,4.5,215.0,2.0,9.0,158.0,30.1%,111.0,7.0,15.0,62.0,21.0,9.0,3.0,1.0,59.0,WR
Nico Collins (HOU),15.0,80.0,"1,297",16.2,750,9.4,"1,189",14.9,547.0,6.8,255.0,3.2,16.0,109.0,19.3%,82.0,2.0,15.0,48.0,25.0,7.0,5.0,4.0,75.0,WR
Brandon Aiyuk (SF),16.0,75.0,"1,342",17.9,960,12.8,"1,448",19.3,382.0,5.1,94.0,1.3,2.0,105.0,22.3%,77.0,2.0,9.0,58.0,28.0,10.0,3.0,1.0,76.0,WR
Keenan Allen (CHI),13.0,108.0,"1,243",11.5,847,7.8,"1,446",13.4,396.0,3.7,83.0,0.8,5.0,150.0,24.4%,114.0,5.0,12.0,47.0,19.0,4.0,1.0,0.0,42.0,WR
Stefon Diggs (HOU),17.0,107.0,"1,183",11.1,784,7.3,"1,653",15.4,399.0,3.7,163.0,1.5,10.0,160.0,29.4%,115.0,8.0,15.0,50.0,10.0,6.0,2.0,1.0,55.0,WR
Ja'Marr Chase (CIN),16.0,100.0,"1,216",12.2,675,6.8,"1,220",12.2,541.0,5.4,123.0,1.2,6.0,145.0,24.5%,105.0,5.0,19.0,48.0,14.0,7.0,4.0,3.0,76.0,WR
Davante Adams (LV),17.0,103.0,"1,144",11.1,808,7.8,"1,900",18.4,336.0,3.3,74.0,0.7,2.0,175.0,33.0%,111.0,8.0,29.0,47.0,13.0,4.0,2.0,0.0,46.0,WR
DK Metcalf (SEA),16.0,66.0,"1,114",16.9,747,11.3,"1,525",23.1,367.0,5.6,116.0,1.8,6.0,119.0,21.8%,74.0,7.0,23.0,43.0,19.0,11.0,4.0,3.0,73.0,WR
Amari Cooper (CLE),15.0,72.0,"1,250",17.4,979,13.6,"1,811",25.2,271.0,3.8,68.0,0.9,2.0,128.0,21.4%,79.0,7.0,13.0,47.0,21.0,8.0,8.0,5.0,75.0,WR
Calvin Ridley (TEN),17.0,76.0,"1,016",13.4,822,10.8,"1,797",23.6,194.0,2.6,39.0,0.5,1.0,136.0,22.4%,82.0,6.0,26.0,43.0,17.0,5.0,2.0,1.0,59.0,WR
Jayden Reed (GB),16.0,64.0,793,12.4,458,7.2,970,15.2,335.0,5.2,73.0,1.1,3.0,94.0,16.8%,67.0,3.0,14.0,29.0,13.0,10.0,3.0,1.0,59.0,WR
Jordan Addison (MIN),17.0,70.0,911,13.0,649,9.3,"1,347",19.2,262.0,3.7,76.0,1.1,4.0,108.0,17.8%,73.0,3.0,15.0,36.0,15.0,6.0,3.0,2.0,62.0,WR
DeAndre Hopkins (TEN),17.0,75.0,"1,057",14.1,834,11.1,"1,928",25.7,223.0,3.0,61.0,0.8,4.0,137.0,28.7%,80.0,4.0,17.0,41.0,15.0,7.0,4.0,1.0,61.0,WR
Jakobi Meyers (LV),16.0,71.0,807,11.4,565,8.0,"1,028",14.5,242.0,3.4,55.0,0.8,6.0,106.0,20.0%,73.0,2.0,15.0,38.0,8.0,2.0,0.0,0.0,33.0,WR
DeVonta Smith (PHI),16.0,81.0,"1,066",13.2,772,9.5,"1,350",16.7,294.0,3.6,55.0,0.7,4.0,112.0,21.3%,87.0,5.0,6.0,43.0,14.0,8.0,3.0,2.0,63.0,WR
George Pickens (PIT),17.0,63.0,"1,140",18.1,747,11.9,"1,423",22.6,393.0,6.2,108.0,1.7,5.0,106.0,21.9%,65.0,2.0,8.0,42.0,22.0,11.0,6.0,3.0,86.0,WR
Chris Olave (NO),16.0,87.0,"1,123",12.9,776,8.9,"1,834",21.1,347.0,4.0,59.0,0.7,3.0,138.0,23.8%,93.0,6.0,11.0,45.0,16.0,5.0,3.0,1.0,51.0,WR
Michael Pittman Jr. (IND),16.0,109.0,"1,152",10.6,639,5.9,"1,232",11.3,513.0,4.7,153.0,1.4,3.0,156.0,28.6%,113.0,3.0,19.0,42.0,10.0,6.0,3.0,1.0,75.0,WR
Justin Jefferson (MIN),10.0,68.0,"1,074",15.8,814,12.0,"1,258",18.5,260.0,3.8,92.0,1.4,2.0,100.0,16.5%,72.0,1.0,11.0,42.0,25.0,7.0,2.0,1.0,52.0,WR
Rashee Rice (KC),16.0,79.0,938,11.9,285,3.6,492,6.2,653.0,8.3,134.0,1.7,3.0,102.0,17.0%,87.0,8.0,22.0,36.0,10.0,4.0,1.0,1.0,67.0,WR
Courtland Sutton (DEN),16.0,59.0,772,13.1,616,10.4,"1,060",18.0,156.0,2.6,41.0,0.7,0.0,90.0,18.9%,65.0,6.0,17.0,32.0,14.0,7.0,2.0,0.0,46.0,WR
Zay Flowers (BAL),16.0,77.0,858,11.1,467,6.1,911,11.8,391.0,5.1,55.0,0.7,9.0,108.0,22.7%,82.0,4.0,13.0,31.0,12.0,5.0,4.0,2.0,75.0,WR
Adam Thielen (CAR),17.0,103.0,"1,014",9.8,669,6.5,"1,029",10.0,345.0,3.3,66.0,0.6,2.0,137.0,25.7%,110.0,7.0,14.0,40.0,9.0,3.0,0.0,0.0,32.0,WR
Jaylen Waddle (MIA),14.0,72.0,"1,014",14.1,593,8.2,"1,053",14.6,421.0,5.8,76.0,1.1,7.0,104.0,18.9%,76.0,4.0,8.0,49.0,12.0,6.0,2.0,2.0,60.0,WR
Chris Godwin (TB),17.0,83.0,"1,024",12.3,639,7.7,"1,169",14.1,385.0,4.6,55.0,0.7,2.0,130.0,23.6%,88.0,5.0,16.0,43.0,14.0,6.0,2.0,0.0,47.0,WR
Terry McLaurin (WAS),17.0,79.0,"1,002",12.7,652,8.3,"1,508",19.1,350.0,4.4,103.0,1.3,4.0,132.0,22.0%,84.0,5.0,8.0,41.0,15.0,6.0,2.0,0.0,48.0,WR
Tyler Lockett (SEA),17.0,79.0,894,11.3,674,8.5,"1,312",16.6,220.0,2.8,16.0,0.2,1.0,122.0,22.3%,84.0,5.0,12.0,39.0,9.0,4.0,0.0,0.0,37.0,WR
Brandin Cooks (DAL),16.0,54.0,657,12.2,532,9.9,"1,070",19.8,125.0,2.3,42.0,0.8,0.0,81.0,13.4%,57.0,3.0,12.0,23.0,11.0,5.0,0.0,0.0,37.0,WR
Garrett Wilson (NYJ),17.0,95.0,"1,042",11.0,715,7.5,"1,681",17.7,327.0,3.4,141.0,1.5,10.0,168.0,29.8%,103.0,7.0,17.0,38.0,11.0,7.0,2.0,1.0,68.0,WR
Tank Dell (HOU),11.0,47.0,709,15.1,557,11.9,"1,070",22.8,152.0,3.2,25.0,0.5,0.0,75.0,13.3%,51.0,4.0,8.0,28.0,10.0,3.0,3.0,1.0,68.0,WR
Gabe Davis (JAC),17.0,45.0,746,16.6,566,12.6,"1,231",27.4,180.0,4.0,42.0,0.9,1.0,81.0,14.9%,48.0,3.0,11.0,27.0,12.0,6.0,2.0,1.0,57.0,WR
Romeo Doubs (GB),17.0,59.0,674,11.4,540,9.2,"1,126",19.1,134.0,2.3,33.0,0.6,1.0,96.0,17.1%,64.0,6.0,18.0,31.0,7.0,3.0,0.0,0.0,36.0,WR
Rashid Shaheed (NO),16.0,46.0,719,15.6,568,12.3,"1,094",23.8,151.0,3.3,26.0,0.6,3.0,75.0,13.0%,48.0,2.0,7.0,23.0,12.0,9.0,7.0,3.0,58.0,WR
Cooper Kupp (LAR),12.0,59.0,737,12.5,415,7.0,789,13.4,322.0,5.5,92.0,1.6,5.0,95.0,17.1%,63.0,4.0,18.0,24.0,10.0,7.0,2.0,1.0,62.0,WR
Drake London (ATL),16.0,69.0,905,13.1,721,10.4,"1,273",18.4,184.0,2.7,63.0,0.9,2.0,110.0,21.7%,73.0,4.0,16.0,38.0,17.0,3.0,1.0,0.0,45.0,WR
Diontae Johnson (CAR),13.0,51.0,717,14.1,456,8.9,"1,115",21.9,261.0,5.1,67.0,1.3,4.0,87.0,18.0%,54.0,2.0,10.0,27.0,10.0,5.0,2.0,1.0,71.0,WR
Darius Slayton (NYG),17.0,50.0,770,15.4,472,9.4,960,19.2,298.0,6.0,70.0,1.4,5.0,79.0,16.3%,53.0,3.0,4.0,26.0,11.0,6.0,3.0,2.0,80.0,WR
Tee Higgins (CIN),12.0,42.0,656,15.6,421,10.0,973,23.2,235.0,5.6,24.0,0.6,0.0,76.0,12.8%,49.0,7.0,9.0,30.0,8.0,3.0,2.0,1.0,80.0,WR
Curtis Samuel (BUF),16.0,62.0,613,9.9,353,5.7,599,9.7,260.0,4.2,59.0,1.0,4.0,91.0,15.1%,64.0,2.0,15.0,21.0,7.0,4.0,0.0,0.0,37.0,WR
Christian Kirk (JAC),12.0,57.0,787,13.8,540,9.5,842,14.8,247.0,4.3,29.0,0.5,3.0,85.0,14.0%,61.0,4.0,5.0,29.0,13.0,6.0,3.0,1.0,57.0,WR
Josh Downs (IND),17.0,68.0,771,11.3,400,5.9,703,10.3,371.0,5.5,62.0,0.9,2.0,98.0,17.9%,73.0,5.0,9.0,28.0,10.0,5.0,2.0,2.0,59.0,WR
Josh Reynolds (DEN),17.0,40.0,608,15.2,435,10.9,645,16.1,173.0,4.3,51.0,1.3,2.0,64.0,11.1%,44.0,4.0,10.0,26.0,17.0,1.0,0.0,0.0,33.0,WR
Jerry Jeudy (CLE),16.0,54.0,758,14.0,435,8.1,"1,109",20.5,323.0,6.0,78.0,1.4,4.0,87.0,18.2%,56.0,2.0,10.0,29.0,10.0,6.0,5.0,0.0,47.0,WR
Jaxon Smith-Njigba (SEA),17.0,63.0,628,10.0,262,4.2,569,9.0,366.0,5.8,55.0,0.9,3.0,93.0,17.0%,72.0,10.0,10.0,27.0,7.0,3.0,0.0,0.0,35.0,WR
Hollywood Brown (KC),14.0,51.0,574,11.3,410,8.0,"1,199",23.5,164.0,3.2,28.0,0.5,2.0,101.0,18.7%,55.0,4.0,9.0,26.0,8.0,2.0,1.0,0.0,41.0,WR
Dontayvion Wicks (GB),15.0,39.0,581,14.9,369,9.5,586,15.0,211.0,5.4,101.0,2.6,5.0,58.0,10.3%,42.0,3.0,8.0,26.0,11.0,3.0,0.0,0.0,35.0,WR
DJ Chark Jr. (LAC),15.0,35.0,525,15.0,441,12.6,"1,016",29.0,84.0,2.4,27.0,0.8,1.0,66.0,12.4%,38.0,4.0,6.0,23.0,9.0,3.0,2.0,0.0,47.0,WR
Tyler Boyd (TEN),17.0,67.0,667,10.0,388,5.8,637,9.5,279.0,4.2,108.0,1.6,2.0,98.0,16.6%,72.0,5.0,7.0,23.0,6.0,3.0,2.0,1.0,64.0,WR
Michael Wilson (ARI),13.0,38.0,565,14.9,426,11.2,716,18.8,139.0,3.7,37.0,1.0,3.0,58.0,10.7%,38.0,0.0,7.0,26.0,7.0,2.0,1.0,1.0,69.0,WR
Jahan Dotson (WAS),17.0,49.0,518,10.6,403,8.2,774,15.8,115.0,2.3,24.0,0.5,0.0,83.0,13.8%,53.0,5.0,11.0,24.0,5.0,1.0,0.0,0.0,33.0,WR
Khalil Shakir (BUF),17.0,39.0,611,15.7,329,8.4,402,10.3,282.0,7.2,51.0,1.3,0.0,45.0,8.3%,39.0,0.0,2.0,25.0,10.0,4.0,2.0,1.0,81.0,WR
Tutu Atwell (LAR),16.0,39.0,483,12.4,379,9.7,767,19.7,104.0,2.7,12.0,0.3,0.0,67.0,12.1%,43.0,4.0,5.0,20.0,8.0,5.0,2.0,0.0,44.0,WR
Christian Watson (GB),9.0,28.0,422,15.1,317,11.3,825,29.5,105.0,3.8,19.0,0.7,0.0,53.0,9.4%,31.0,3.0,13.0,14.0,5.0,3.0,2.0,2.0,77.0,WR
Wan'Dale Robinson (NYG),15.0,60.0,525,8.8,238,4.0,410,6.8,287.0,4.8,80.0,1.3,5.0,78.0,16.1%,63.0,3.0,2.0,20.0,7.0,2.0,0.0,0.0,33.0,WR
Elijah Moore (CLE),17.0,59.0,640,10.8,449,7.6,"1,143",19.4,191.0,3.2,38.0,0.6,4.0,104.0,17.4%,64.0,5.0,13.0,27.0,9.0,3.0,1.0,0.0,42.0,WR
Odell Beckham Jr. (MIA),14.0,35.0,565,16.1,410,11.7,888,25.4,155.0,4.4,35.0,1.0,1.0,64.0,13.4%,38.0,3.0,11.0,22.0,10.0,5.0,3.0,1.0,51.0,WR
K.J. Osborn (NE),16.0,48.0,540,10.7,343,7.1,659,13.7,171.0,3.6,21.0,0.4,1.0,75.0,12.4%,53.0,5.0,10.0,23.0,6.0,3.0,1.0,0.0,47.0,WR
Joshua Palmer (LAC),11.0,38.0,581,15.3,385,10.1,693,18.2,196.0,5.2,22.0,0.6,1.0,61.0,9.9%,42.0,3.0,9.0,16.0,9.0,4.0,3.0,3.0,79.0,WR
Noah Brown (HOU),10.0,33.0,567,17.2,344,10.4,658,19.9,223.0,6.8,59.0,1.8,1.0,55.0,9.7%,36.0,3.0,7.0,19.0,14.0,6.0,1.0,1.0,75.0,WR
Rondale Moore (ATL),17.0,40.0,352,8.8,136,3.4,322,8.1,216.0,5.4,30.0,0.8,2.0,62.0,11.5%,43.0,3.0,5.0,13.0,4.0,2.0,1.0,0.0,48.0,WR
Alec Pierce (IND),17.0,32.0,514,16.1,417,13.0,969,30.3,97.0,3.0,25.0,0.8,1.0,65.0,11.9%,35.0,3.0,6.0,19.0,8.0,5.0,2.0,2.0,58.0,WR
Kendrick Bourne (NE),8.0,37.0,406,11.0,203,5.5,574,15.5,203.0,5.5,67.0,1.8,2.0,55.0,10.2%,38.0,1.0,6.0,14.0,5.0,2.0,0.0,0.0,36.0,WR
Kalif Raymond (DET),17.0,35.0,489,14.0,275,7.9,388,11.1,214.0,6.1,26.0,0.7,1.0,44.0,7.7%,37.0,2.0,4.0,23.0,9.0,3.0,2.0,0.0,41.0,WR
Nelson Agholor (BAL),17.0,35.0,381,10.9,240,6.9,418,11.9,141.0,4.0,37.0,1.1,2.0,45.0,9.5%,37.0,2.0,7.0,18.0,4.0,2.0,0.0,0.0,37.0,WR
Justin Watson (KC),16.0,27.0,460,17.0,413,15.3,928,34.4,47.0,1.7,5.0,0.2,0.0,53.0,8.8%,30.0,4.0,6.0,19.0,8.0,5.0,1.0,0.0,41.0,WR
Demarcus Robinson (LAR),13.0,26.0,371,14.3,282,10.8,478,18.4,89.0,3.4,18.0,0.7,0.0,39.0,7.0%,26.0,0.0,9.0,15.0,7.0,3.0,0.0,0.0,37.0,WR
DeMario Douglas (NE),14.0,49.0,561,11.4,225,4.6,648,13.2,336.0,6.9,46.0,0.9,1.0,79.0,14.6%,50.0,1.0,4.0,26.0,6.0,3.0,2.0,0.0,42.0,WR
Nick Westbrook-Ikhine (TEN),14.0,28.0,370,13.2,263,9.4,552,19.7,107.0,3.8,20.0,0.7,1.0,45.0,9.4%,32.0,4.0,6.0,13.0,8.0,2.0,0.0,0.0,33.0,WR
Trey Palmer (TB),17.0,39.0,385,9.9,282,7.2,741,19.0,103.0,2.6,23.0,0.6,0.0,68.0,12.4%,43.0,4.0,3.0,14.0,6.0,1.0,1.0,1.0,54.0,WR
Jameson Williams (DET),12.0,24.0,354,14.8,250,10.4,670,27.9,104.0,4.3,53.0,2.2,5.0,42.0,7.3%,28.0,4.0,2.0,14.0,5.0,4.0,2.0,1.0,63.0,WR
Quentin Johnston (LAC),17.0,38.0,431,11.3,279,7.3,861,22.7,152.0,4.0,31.0,0.8,2.0,67.0,10.9%,41.0,3.0,8.0,17.0,5.0,1.0,1.0,1.0,57.0,WR
Brandon Johnson (DEN),13.0,19.0,284,14.9,195,10.3,328,17.3,89.0,4.7,18.0,0.9,2.0,30.0,6.3%,20.0,1.0,6.0,11.0,6.0,2.0,1.0,1.0,50.0,WR
Michael Gallup (FA),17.0,34.0,418,12.3,314,9.2,624,18.4,104.0,3.1,39.0,1.1,3.0,57.0,9.4%,39.0,5.0,4.0,15.0,6.0,2.0,1.0,0.0,41.0,WR
Tre Tucker (LV),16.0,19.0,331,17.4,303,15.9,630,33.2,28.0,1.5,5.0,0.3,0.0,34.0,6.4%,19.0,1.0,3.0,12.0,6.0,4.0,3.0,1.0,50.0,WR
Michael Thomas (FA),10.0,39.0,448,11.5,348,8.9,650,16.7,100.0,2.6,30.0,0.8,2.0,64.0,11.1%,42.0,3.0,9.0,18.0,4.0,1.0,0.0,0.0,31.0,WR
Robert Woods (HOU),14.0,40.0,426,10.7,300,7.5,732,18.3,126.0,3.2,26.0,0.7,1.0,75.0,13.3%,44.0,4.0,10.0,20.0,2.0,0.0,0.0,0.0,26.0,WR
Marvin Mims Jr. (DEN),16.0,22.0,377,17.1,223,10.1,497,22.6,154.0,7.0,22.0,1.0,1.0,33.0,6.9%,23.0,1.0,1.0,8.0,6.0,6.0,4.0,2.0,60.0,WR
A.T. Perry (NO),10.0,12.0,246,20.5,226,18.8,293,24.4,20.0,1.7,6.0,0.5,0.0,18.0,3.1%,13.0,1.0,4.0,9.0,5.0,3.0,1.0,0.0,44.0,WR
Darnell Mooney (ATL),15.0,31.0,414,13.4,233,7.5,630,20.3,181.0,5.8,22.0,0.7,1.0,61.0,12.8%,33.0,3.0,7.0,17.0,7.0,3.0,1.0,0.0,41.0,WR
KaVontae Turpin (DAL),16.0,12.0,127,10.6,88,7.3,163,13.6,39.0,3.3,4.0,0.3,1.0,18.0,3.0%,15.0,3.0,6.0,5.0,2.0,1.0,0.0,0.0,34.0,WR
Cedrick Wilson Jr. (NO),15.0,22.0,296,13.5,239,10.9,429,19.5,57.0,2.6,21.0,1.0,0.0,38.0,6.9%,23.0,1.0,5.0,13.0,5.0,1.0,0.0,0.0,31.0,WR
Chris Moore (ARI),17.0,22.0,424,19.3,367,16.7,641,29.1,57.0,2.6,19.0,0.9,1.0,35.0,7.3%,25.0,2.0,1.0,15.0,9.0,5.0,3.0,0.0,49.0,WR
Rashod Bateman (BAL),16.0,32.0,367,11.5,310,9.7,813,25.4,57.0,1.8,18.0,0.6,1.0,56.0,11.8%,36.0,4.0,3.0,17.0,2.0,0.0,0.0,0.0,29.0,WR
Zay Jones (ARI),9.0,34.0,321,9.4,270,7.9,871,25.6,51.0,1.5,7.0,0.2,0.0,64.0,10.5%,36.0,1.0,10.0,12.0,3.0,1.0,0.0,0.0,36.0,WR
Jonathan Mingo (CAR),15.0,43.0,418,9.7,263,6.1,921,21.4,155.0,3.6,53.0,1.2,1.0,85.0,15.9%,47.0,4.0,3.0,16.0,6.0,2.0,1.0,0.0,40.0,WR
Greg Dortch (ARI),16.0,24.0,280,11.7,128,5.3,390,16.3,152.0,6.3,64.0,2.7,1.0,41.0,7.6%,24.0,0.0,3.0,11.0,3.0,3.0,0.0,0.0,38.0,WR
DeVante Parker (FA),13.0,33.0,394,11.9,268,8.1,640,19.4,126.0,3.8,28.0,0.8,2.0,55.0,10.2%,36.0,3.0,0.0,18.0,6.0,1.0,0.0,0.0,30.0,WR
Isaiah Hodgins (NYG),17.0,21.0,230,11.0,155,7.4,263,12.5,75.0,3.6,19.0,0.9,1.0,33.0,6.8%,21.0,0.0,5.0,12.0,1.0,0.0,0.0,0.0,24.0,WR
Brandon Powell (MIN),17.0,29.0,324,11.2,220,7.6,332,11.4,104.0,3.6,34.0,1.2,1.0,44.0,7.3%,30.0,1.0,6.0,13.0,6.0,0.0,0.0,0.0,28.0,WR
Jake Bobo (SEA),17.0,19.0,196,10.3,109,5.7,140,7.4,87.0,4.6,32.0,1.7,1.0,25.0,4.6%,19.0,0.0,4.0,6.0,3.0,1.0,0.0,0.0,31.0,WR
Xavier Gipson (NYJ),17.0,21.0,229,10.9,120,5.7,358,17.0,109.0,5.2,21.0,1.0,3.0,38.0,6.7%,22.0,1.0,5.0,8.0,4.0,1.0,0.0,0.0,36.0,WR
Trenton Irwin (CIN),16.0,25.0,316,12.6,206,8.2,337,13.5,110.0,4.4,21.0,0.8,0.0,32.0,5.4%,25.0,1.0,6.0,13.0,7.0,1.0,0.0,0.0,32.0,WR
Jalin Hyatt (NYG),17.0,23.0,373,16.2,325,14.1,841,36.6,48.0,2.1,7.0,0.3,1.0,40.0,8.2%,26.0,3.0,0.0,11.0,7.0,5.0,3.0,1.0,58.0,WR
Allen Lazard (NYJ),14.0,23.0,311,13.5,255,11.1,597,26.0,56.0,2.4,19.0,0.8,1.0,49.0,8.7%,27.0,4.0,2.0,16.0,5.0,1.0,0.0,0.0,39.0,WR
Jalen Tolbert (DAL),17.0,22.0,268,12.2,234,10.6,474,21.5,34.0,1.5,11.0,0.5,1.0,36.0,6.0%,23.0,1.0,4.0,9.0,3.0,3.0,1.0,0.0,45.0,WR
Calvin Austin III (PIT),17.0,17.0,180,10.6,107,6.3,378,22.2,73.0,4.3,5.0,0.3,0.0,30.0,6.2%,18.0,1.0,0.0,6.0,1.0,1.0,1.0,1.0,72.0,WR
Andrei Iosivas (CIN),16.0,15.0,116,7.7,81,5.4,215,14.3,35.0,2.3,6.0,0.4,0.0,25.0,4.2%,17.0,2.0,5.0,4.0,0.0,0.0,0.0,0.0,16.0,WR
Marquez Valdes-Scantling (BUF),16.0,21.0,315,15.0,223,10.6,742,35.3,92.0,4.4,5.0,0.2,1.0,42.0,7.0%,24.0,3.0,3.0,13.0,5.0,3.0,1.0,0.0,46.0,WR
David Bell (CLE),15.0,14.0,167,11.9,96,6.9,144,10.3,71.0,5.1,13.0,0.9,1.0,23.0,3.9%,15.0,1.0,2.0,5.0,3.0,2.0,1.0,0.0,41.0,WR
Lil'Jordan Humphrey (DEN),17.0,13.0,162,12.5,63,4.8,186,14.3,99.0,7.6,47.0,3.6,0.0,19.0,4.0%,14.0,1.0,4.0,7.0,1.0,1.0,1.0,1.0,54.0,WR
Skyy Moore (KC),14.0,21.0,244,11.6,135,6.4,339,16.1,109.0,5.2,25.0,1.2,0.0,38.0,6.3%,22.0,1.0,7.0,10.0,3.0,1.0,1.0,1.0,54.0,WR
Jauan Jennings (SF),13.0,19.0,265,13.9,176,9.3,340,17.9,89.0,4.7,36.0,1.9,2.0,33.0,7.0%,21.0,0.0,2.0,10.0,4.0,1.0,0.0,0.0,31.0,WR
JuJu Smith-Schuster (NE),11.0,29.0,260,9.0,166,5.7,331,11.4,94.0,3.2,14.0,0.5,0.0,47.0,8.7%,32.0,2.0,2.0,10.0,3.0,1.0,0.0,0.0,37.0,WR
Mike Williams (NYJ),3.0,19.0,249,13.1,141,7.4,307,16.2,108.0,5.7,31.0,1.6,1.0,26.0,4.2%,21.0,0.0,2.0,10.0,4.0,2.0,1.0,0.0,49.0,WR
Braxton Berrios (MIA),16.0,27.0,238,8.8,153,5.7,234,8.7,85.0,3.1,10.0,0.4,1.0,33.0,6.0%,28.0,1.0,1.0,13.0,1.0,0.0,0.0,0.0,22.0,WR
Bo Melton (GB),4.0,16.0,218,13.6,181,11.3,267,16.7,37.0,2.3,16.0,1.0,0.0,24.0,4.3%,17.0,1.0,3.0,10.0,3.0,1.0,0.0,0.0,37.0,WR
Alex Erickson (FA),8.0,16.0,232,14.5,174,10.9,305,19.1,58.0,3.6,6.0,0.4,0.0,29.0,4.7%,17.0,1.0,2.0,11.0,4.0,0.0,0.0,0.0,27.0,WR
Olamide Zaccheaus (WAS),17.0,10.0,164,16.4,112,11.2,207,20.7,52.0,5.2,12.0,1.2,0.0,20.0,3.8%,10.0,0.0,3.0,6.0,4.0,1.0,0.0,0.0,34.0,WR
Scotty Miller (PIT),17.0,11.0,161,14.6,81,7.4,195,17.7,80.0,7.3,8.0,0.7,0.0,16.0,3.1%,11.0,0.0,3.0,4.0,2.0,2.0,2.0,1.0,56.0,WR
Allen Robinson II (NYG),17.0,34.0,280,8.2,212,6.2,370,10.9,68.0,2.0,18.0,0.5,0.0,49.0,10.1%,35.0,0.0,4.0,11.0,2.0,1.0,0.0,0.0,31.0,WR
Jamal Agnew (FA),11.0,14.0,225,16.1,149,10.6,253,18.1,76.0,5.4,8.0,0.6,0.0,21.0,3.5%,14.0,0.0,2.0,8.0,2.0,2.0,2.0,1.0,65.0,WR
Kadarius Toney (KC),13.0,27.0,169,6.3,41,1.5,112,4.1,128.0,4.7,33.0,1.2,5.0,38.0,6.3%,32.0,5.0,5.0,6.0,0.0,0.0,0.0,0.0,18.0,WR
Julio Jones (FA),11.0,11.0,74,6.7,46,4.2,141,12.8,28.0,2.5,7.0,0.6,0.0,19.0,3.6%,12.0,1.0,4.0,2.0,1.0,0.0,0.0,0.0,22.0,WR
Mack Hollins (BUF),13.0,18.0,251,13.9,196,10.9,370,20.6,55.0,3.1,10.0,0.6,0.0,30.0,5.9%,20.0,2.0,2.0,10.0,3.0,1.0,1.0,0.0,45.0,WR
Deonte Harty (BAL),16.0,15.0,150,10.0,71,4.7,227,15.1,79.0,5.3,19.0,1.3,0.0,21.0,3.9%,16.0,1.0,2.0,5.0,2.0,1.0,1.0,0.0,43.0,WR
Ronnie Bell (SF),16.0,6.0,68,11.3,58,9.7,160,26.7,10.0,1.7,0.0,0.0,0.0,13.0,2.8%,6.0,0.0,3.0,3.0,1.0,0.0,0.0,0.0,20.0,WR
Ihmir Smith-Marsette (CAR),17.0,8.0,51,6.4,3,0.4,9,1.1,48.0,6.0,14.0,1.8,1.0,10.0,1.9%,9.0,1.0,0.0,2.0,0.0,0.0,0.0,0.0,18.0,WR
Treylon Burks (TEN),11.0,16.0,221,13.8,150,9.4,547,34.2,71.0,4.4,16.0,1.0,1.0,30.0,6.3%,19.0,3.0,1.0,7.0,4.0,2.0,1.0,1.0,70.0,WR
Hunter Renfrow (FA),17.0,25.0,255,10.2,103,4.1,207,8.3,152.0,6.1,37.0,1.5,2.0,37.0,7.0%,26.0,1.0,3.0,9.0,3.0,2.0,0.0,0.0,38.0,WR
Cedric Tillman (CLE),14.0,21.0,224,10.7,136,6.5,468,22.3,88.0,4.2,32.0,1.5,2.0,44.0,7.4%,22.0,1.0,7.0,10.0,1.0,0.0,0.0,0.0,23.0,WR
KhaDarel Hodge (ATL),17.0,14.0,232,16.6,150,10.7,331,23.6,82.0,5.9,50.0,3.6,1.0,23.0,4.5%,14.0,0.0,0.0,10.0,3.0,2.0,1.0,1.0,52.0,WR
Parker Washington (JAC),9.0,16.0,132,8.3,98,6.1,155,9.7,34.0,2.1,14.0,0.9,1.0,21.0,3.5%,17.0,1.0,3.0,5.0,0.0,0.0,0.0,0.0,19.0,WR
Dyami Brown (WAS),17.0,12.0,168,14.0,92,7.7,387,32.3,76.0,6.3,11.0,0.9,1.0,23.0,3.8%,14.0,2.0,2.0,6.0,2.0,2.0,0.0,0.0,35.0,WR
Jalen Reagor (NE),11.0,7.0,138,19.7,120,17.1,370,52.9,18.0,2.6,6.0,0.9,0.0,23.0,4.3%,9.0,2.0,1.0,6.0,3.0,2.0,0.0,0.0,39.0,WR
Van Jefferson (PIT),17.0,20.0,209,10.3,184,9.2,686,34.3,22.0,1.1,18.0,0.9,1.0,43.0,7.7%,24.0,3.0,1.0,8.0,1.0,1.0,1.0,0.0,46.0,WR
Derius Davis (LAC),17.0,15.0,66,4.4,-49,-3.3,-38,-2.5,115.0,7.7,8.0,0.5,0.0,17.0,2.8%,15.0,0.0,1.0,3.0,0.0,0.0,0.0,0.0,18.0,WR
Quez Watkins (PIT),9.0,15.0,142,9.5,96,6.4,249,16.6,46.0,3.1,5.0,0.3,0.0,21.0,4.0%,15.0,0.0,3.0,6.0,0.0,0.0,0.0,0.0,19.0,WR
Jamison Crowder (WAS),17.0,16.0,159,9.9,79,4.9,122,7.6,80.0,5.0,21.0,1.3,2.0,20.0,3.3%,17.0,1.0,1.0,6.0,1.0,0.0,0.0,0.0,26.0,WR
Tyler Scott (CHI),17.0,17.0,168,9.9,98,5.8,370,21.8,70.0,4.1,15.0,0.9,1.0,32.0,6.7%,19.0,2.0,5.0,8.0,1.0,1.0,0.0,0.0,30.0,WR
Robbie Chosen (FA),9.0,4.0,126,31.5,95,23.8,141,35.3,31.0,7.8,0.0,0.0,0.0,6.0,1.1%,4.0,0.0,0.0,3.0,2.0,2.0,1.0,1.0,68.0,WR
Malik Heath (GB),13.0,15.0,125,8.3,90,6.0,210,14.0,35.0,2.3,14.0,0.9,1.0,24.0,4.3%,17.0,2.0,4.0,6.0,0.0,0.0,0.0,0.0,16.0,WR
River Cracraft (MIA),10.0,9.0,121,13.4,72,8.0,92,10.2,49.0,5.4,5.0,0.6,0.0,12.0,2.2%,10.0,1.0,4.0,7.0,2.0,0.0,0.0,0.0,24.0,WR
Deven Thompkins (FA),17.0,17.0,83,4.9,-1,-0.1,154,9.1,84.0,4.9,16.0,0.9,1.0,25.0,4.5%,17.0,0.0,4.0,1.0,1.0,0.0,0.0,0.0,26.0,WR
Ray-Ray McCloud III (ATL),12.0,12.0,135,11.3,48,4.0,94,7.8,87.0,7.3,2.0,0.2,0.0,15.0,3.2%,13.0,0.0,1.0,5.0,2.0,1.0,1.0,0.0,41.0,WR
John Metchie III (HOU),16.0,16.0,158,9.9,74,4.6,266,16.6,84.0,5.3,19.0,1.2,1.0,30.0,5.3%,19.0,3.0,3.0,7.0,1.0,0.0,0.0,0.0,22.0,WR
Kyle Philips (TEN),9.0,15.0,181,12.1,102,6.8,197,13.1,79.0,5.3,15.0,1.0,1.0,22.0,4.6%,16.0,1.0,1.0,9.0,4.0,0.0,0.0,0.0,29.0,WR
Donovan Peoples-Jones (DET),15.0,13.0,155,11.9,120,9.2,260,20.0,35.0,2.7,8.0,0.6,0.0,25.0,4.2%,13.0,0.0,1.0,7.0,2.0,0.0,0.0,0.0,29.0,WR
David Moore (CAR),7.0,5.0,94,18.8,32,6.4,49,9.8,62.0,12.4,51.0,10.2,0.0,7.0,1.3%,5.0,0.0,0.0,3.0,1.0,1.0,1.0,1.0,52.0,WR
Jalen Guyton (LV),8.0,10.0,89,8.9,57,5.7,218,21.8,32.0,3.2,11.0,1.1,1.0,21.0,3.4%,12.0,2.0,3.0,4.0,0.0,0.0,0.0,0.0,18.0,WR
Trent Sherfield Sr. (MIN),17.0,11.0,86,7.8,37,3.4,190,17.3,49.0,4.5,5.0,0.5,2.0,22.0,4.0%,12.0,1.0,2.0,1.0,0.0,0.0,0.0,0.0,12.0,WR
Tyquan Thornton (NE),9.0,13.0,91,7.0,41,3.2,230,17.7,50.0,3.8,14.0,1.1,0.0,23.0,4.3%,14.0,1.0,0.0,4.0,0.0,0.0,0.0,0.0,15.0,WR
Byron Pringle (FA),16.0,14.0,161,11.5,130,9.3,307,21.9,31.0,2.2,5.0,0.4,0.0,22.0,3.7%,14.0,0.0,0.0,10.0,1.0,0.0,0.0,0.0,26.0,WR
Xavier Hutchinson (HOU),15.0,8.0,90,11.3,70,8.8,216,27.0,20.0,2.5,0.0,0.0,0.0,19.0,3.4%,8.0,0.0,1.0,2.0,1.0,1.0,0.0,0.0,34.0,WR
Terrace Marshall Jr. (CAR),9.0,19.0,139,7.3,91,4.8,238,12.5,48.0,2.5,7.0,0.4,0.0,33.0,6.2%,21.0,2.0,2.0,6.0,0.0,0.0,0.0,0.0,14.0,WR
Chase Claypool (BUF),11.0,8.0,77,9.6,52,6.5,230,28.8,25.0,3.1,9.0,1.1,1.0,21.0,4.4%,9.0,1.0,1.0,3.0,1.0,0.0,0.0,0.0,20.0,WR
Charlie Jones (CIN),11.0,7.0,64,9.1,26,3.7,79,11.3,38.0,5.4,7.0,1.0,0.0,9.0,1.5%,7.0,0.0,0.0,1.0,1.0,1.0,0.0,0.0,35.0,WR
Ben Skowronek (HOU),17.0,8.0,66,8.3,36,4.5,88,11.0,30.0,3.8,8.0,1.0,0.0,12.0,2.2%,8.0,0.0,1.0,3.0,1.0,0.0,0.0,0.0,20.0,WR
Randall Cobb (FA),11.0,5.0,39,7.8,16,3.2,165,33.0,23.0,4.6,10.0,2.0,0.0,17.0,3.0%,7.0,2.0,4.0,2.0,0.0,0.0,0.0,0.0,15.0,WR
D.J. Montgomery (IND),7.0,3.0,56,18.7,28,9.3,97,32.3,28.0,9.3,5.0,1.7,0.0,8.0,1.5%,4.0,1.0,2.0,2.0,1.0,1.0,0.0,0.0,34.0,WR
Jason Brownlee (NYJ),7.0,5.0,56,11.2,36,7.2,62,12.4,20.0,4.0,11.0,2.2,1.0,8.0,1.4%,5.0,0.0,2.0,2.0,1.0,0.0,0.0,0.0,24.0,WR
Laviska Shenault Jr. (SEA),8.0,10.0,60,6.0,-25,-2.5,-25,-2.5,85.0,8.5,12.0,1.2,1.0,10.0,1.9%,10.0,0.0,0.0,2.0,0.0,0.0,0.0,0.0,14.0,WR
Lynn Bowden Jr. (FA),15.0,11.0,83,7.5,26,2.4,80,7.3,57.0,5.2,25.0,2.3,0.0,16.0,2.8%,12.0,1.0,0.0,4.0,0.0,0.0,0.0,0.0,17.0,WR
Mecole Hardman Jr. (KC),10.0,15.0,124,8.3,16,1.1,137,9.1,108.0,7.2,46.0,3.1,3.0,24.0,4.3%,19.0,3.0,2.0,5.0,1.0,1.0,0.0,0.0,37.0,WR
Parris Campbell (PHI),12.0,20.0,104,5.2,39,2.0,91,4.6,65.0,3.3,8.0,0.4,1.0,27.0,5.6%,21.0,1.0,4.0,2.0,0.0,0.0,0.0,0.0,17.0,WR
Sterling Shepard (TB),15.0,10.0,57,5.7,24,2.4,160,16.0,33.0,3.3,3.0,0.3,0.0,22.0,4.5%,13.0,3.0,7.0,2.0,0.0,0.0,0.0,0.0,13.0,WR
Marquise Goodwin (FA),12.0,4.0,67,16.8,46,11.5,391,97.8,21.0,5.3,5.0,1.3,0.0,13.0,2.2%,6.0,2.0,0.0,1.0,1.0,1.0,1.0,1.0,57.0,WR
Keith Kirkwood (BAL),13.0,5.0,37,7.4,36,7.2,91,18.2,1.0,0.2,0.0,0.0,0.0,9.0,1.6%,5.0,1.0,3.0,1.0,0.0,0.0,0.0,0.0,13.0,WR
Lawrence Cager (NYG),9.0,4.0,36,9.0,9,2.3,21,5.3,27.0,6.8,4.0,1.0,0.0,5.0,1.0%,4.0,0.0,2.0,1.0,0.0,0.0,0.0,0.0,10.0,WR
Richie James Jr. (FA),9.0,10.0,114,11.4,53,5.3,129,12.9,61.0,6.1,20.0,2.0,1.0,14.0,2.3%,12.0,2.0,1.0,4.0,1.0,1.0,1.0,0.0,45.0,WR
Tim Jones (JAC),17.0,11.0,83,7.5,52,4.7,152,13.8,31.0,2.8,16.0,1.5,0.0,18.0,3.0%,11.0,0.0,0.0,4.0,0.0,0.0,0.0,0.0,15.0,WR
Samori Toure (GB),11.0,8.0,78,9.8,60,7.5,316,39.5,18.0,2.3,1.0,0.1,0.0,18.0,3.2%,9.0,1.0,2.0,3.0,1.0,1.0,0.0,0.0,35.0,WR
Velus Jones Jr. (CHI),14.0,4.0,20,5.0,5,1.3,87,21.8,15.0,3.8,6.0,1.5,0.0,7.0,1.5%,5.0,1.0,0.0,1.0,0.0,0.0,0.0,0.0,11.0,WR
Chris Conley (SF),8.0,3.0,69,23.0,41,13.7,74,24.7,28.0,9.3,0.0,0.0,0.0,6.0,1.3%,3.0,0.0,1.0,2.0,1.0,1.0,1.0,0.0,48.0,WR
Jalen Brooks (DAL),7.0,6.0,64,10.7,36,6.0,36,6.0,28.0,4.7,6.0,1.0,0.0,6.0,1.0%,6.0,0.0,0.0,3.0,1.0,0.0,0.0,0.0,24.0,WR
Equanimeous St. Brown (NO),7.0,5.0,62,12.4,55,11.0,53,10.6,7.0,1.4,2.0,0.4,0.0,6.0,1.3%,5.0,0.0,0.0,3.0,1.0,0.0,0.0,0.0,21.0,WR
Rakim Jarrett (TB),10.0,4.0,60,15.0,33,8.3,142,35.5,27.0,6.8,0.0,0.0,0.0,9.0,1.6%,4.0,0.0,0.0,1.0,1.0,1.0,1.0,0.0,41.0,WR
DeAndre Carter (CHI),17.0,4.0,39,9.8,-11,-2.8,4,1.0,50.0,12.5,2.0,0.5,0.0,7.0,1.3%,5.0,1.0,1.0,2.0,0.0,0.0,0.0,0.0,16.0,WR
Isaiah McKenzie (NYG),13.0,11.0,82,7.5,10,0.9,35,3.2,72.0,6.5,19.0,1.7,0.0,14.0,2.6%,12.0,1.0,0.0,4.0,1.0,1.0,0.0,0.0,30.0,WR
Justyn Ross (KC),10.0,6.0,53,8.8,38,6.3,108,18.0,15.0,2.5,8.0,1.3,0.0,11.0,1.8%,8.0,2.0,1.0,2.0,1.0,0.0,0.0,0.0,20.0,WR
Britain Covey (PHI),16.0,4.0,42,10.5,16,4.0,52,13.0,26.0,6.5,8.0,2.0,1.0,6.0,1.1%,4.0,0.0,1.0,1.0,1.0,0.0,0.0,0.0,22.0,WR
Elijah Cooks (JAC),9.0,3.0,38,12.7,30,10.0,33,11.0,8.0,2.7,1.0,0.3,0.0,4.0,0.7%,4.0,1.0,1.0,2.0,1.0,0.0,0.0,0.0,23.0,WR
Keelan Doss (FA),5.0,6.0,33,5.5,19,3.2,97,16.2,14.0,2.3,1.0,0.2,0.0,13.0,2.1%,6.0,0.0,2.0,0.0,0.0,0.0,0.0,0.0,9.0,WR
Devin Duvernay (JAC),13.0,4.0,18,4.5,1,0.3,81,20.3,17.0,4.3,3.0,0.8,0.0,9.0,1.9%,5.0,1.0,1.0,1.0,0.0,0.0,0.0,0.0,10.0,WR
Jalen Nailor (MIN),6.0,3.0,29,9.7,8,2.7,54,18.0,21.0,7.0,3.0,1.0,0.0,6.0,1.0%,4.0,1.0,0.0,1.0,0.0,0.0,0.0,0.0,16.0,WR
Trishton Jackson (MIN),6.0,2.0,9,4.5,2,1.0,16,8.0,7.0,3.5,2.0,1.0,0.0,4.0,0.7%,3.0,1.0,2.0,0.0,0.0,0.0,0.0,0.0,7.0,WR
Steven Sims Jr. (HOU),3.0,3.0,25,8.3,-2,-0.7,-2,-0.7,27.0,9.0,1.0,0.3,0.0,3.0,0.5%,3.0,0.0,0.0,1.0,1.0,0.0,0.0,0.0,23.0,WR
Kayshon Boutte (NE),5.0,2.0,19,9.5,9,4.5,125,62.5,10.0,5.0,3.0,1.5,0.0,7.0,1.3%,3.0,2.0,1.0,1.0,0.0,0.0,0.0,0.0,11.0,WR
Zach Pascal (ARI),14.0,4.0,19,4.8,7,1.8,160,40.0,12.0,3.0,6.0,1.5,1.0,15.0,2.8%,5.0,1.0,3.0,0.0,0.0,0.0,0.0,0.0,9.0,WR
Miles Boykin (NYG),16.0,3.0,17,5.7,15,5.0,19,6.3,2.0,0.7,0.0,0.0,0.0,4.0,0.8%,4.0,1.0,0.0,0.0,0.0,0.0,0.0,0.0,6.0,WR
Marvin Jones Jr. (FA),6.0,5.0,35,7.0,26,5.2,80,16.0,9.0,1.8,3.0,0.6,0.0,10.0,1.7%,7.0,2.0,2.0,1.0,0.0,0.0,0.0,0.0,16.0,WR
Malik Taylor (NYJ),3.0,2.0,13,6.5,6,3.0,89,44.5,7.0,3.5,0.0,0.0,0.0,4.0,0.7%,2.0,0.0,0.0,0.0,0.0,0.0,0.0,0.0,7.0,WR
Austin Trammell (JAC),15.0,4.0,29,7.3,-6,-1.5,25,6.3,35.0,8.8,1.0,0.3,0.0,7.0,1.3%,4.0,0.0,0.0,2.0,0.0,0.0,0.0,0.0,14.0,WR
James Proche II (CLE),10.0,0.0,0,0.0,0,0.0,86,0.0,0.0,0.0,0.0,0.0,0.0,5.0,0.8%,0.0,0.0,0.0,0.0,0.0,0.0,0.0,0.0,0.0,WR
,,,,,,,,,,,,,,,,,,,,,,,,,WR
,,,,,,,,,,,,,,,,,,,,,,,,,WR
Sam LaPorta (DET),17.0,86.0,889,10.3,531.0,6.2,851,9.9,358.0,4.2,115.0,1.3,9.0,120.0,20.9%,91.0,5.0,15.0,35.0,8.0,5.0,2.0,0.0,48.0,TE
George Kittle (SF),16.0,65.0,"1,020",15.7,537.0,8.3,852,13.1,483.0,7.4,150.0,2.3,4.0,90.0,19.1%,71.0,4.0,12.0,40.0,18.0,8.0,3.0,2.0,66.0,TE
Travis Kelce (KC),15.0,93.0,984,10.6,515.0,5.5,808,8.7,469.0,5.0,86.0,0.9,4.0,121.0,20.2%,101.0,7.0,19.0,39.0,12.0,2.0,2.0,1.0,53.0,TE
T.J. Hockenson (MIN),15.0,95.0,960,10.1,624.0,6.6,976,10.3,336.0,3.5,104.0,1.1,4.0,127.0,21.0%,99.0,4.0,10.0,40.0,13.0,0.0,0.0,0.0,29.0,TE
David Njoku (CLE),16.0,81.0,882,10.9,283.0,3.5,551,6.8,599.0,7.4,202.0,2.5,9.0,123.0,20.6%,93.0,11.0,17.0,29.0,12.0,7.0,2.0,0.0,43.0,TE
Evan Engram (JAC),17.0,114.0,963,8.4,455.0,4.0,716,6.3,508.0,4.5,150.0,1.3,5.0,143.0,23.6%,122.0,7.0,9.0,40.0,9.0,1.0,0.0,0.0,34.0,TE
Taysom Hill (NO),16.0,33.0,291,8.8,158.0,4.8,209,6.3,133.0,4.0,42.0,1.3,3.0,40.0,6.9%,35.0,1.0,4.0,10.0,2.0,1.0,0.0,0.0,36.0,TE
Cole Kmet (CHI),17.0,73.0,719,9.8,429.0,5.9,548,7.5,290.0,4.0,101.0,1.4,4.0,90.0,18.9%,75.0,1.0,15.0,25.0,9.0,2.0,2.0,1.0,53.0,TE
Jake Ferguson (DAL),17.0,71.0,761,10.7,336.0,4.7,520,7.3,425.0,6.0,144.0,2.0,6.0,102.0,16.9%,77.0,5.0,23.0,36.0,8.0,3.0,1.0,0.0,40.0,TE
Trey McBride (ARI),17.0,81.0,825,10.2,386.0,4.8,633,7.8,439.0,5.4,114.0,1.4,10.0,106.0,19.6%,84.0,3.0,11.0,35.0,9.0,2.0,0.0,0.0,38.0,TE
Dalton Schultz (HOU),15.0,59.0,635,10.8,372.0,6.3,657,11.1,263.0,4.5,100.0,1.7,8.0,88.0,15.5%,62.0,3.0,13.0,26.0,7.0,1.0,0.0,0.0,31.0,TE
Mark Andrews (BAL),10.0,45.0,544,12.1,328.0,7.3,444,9.9,216.0,4.8,50.0,1.1,4.0,61.0,12.8%,50.0,3.0,14.0,23.0,8.0,3.0,0.0,0.0,38.0,TE
Kyle Pitts (ATL),17.0,53.0,667,12.6,533.0,10.1,"1,029",19.4,134.0,2.5,30.0,0.6,0.0,90.0,17.7%,57.0,4.0,5.0,32.0,7.0,3.0,0.0,0.0,39.0,TE
Hunter Henry (NE),14.0,42.0,419,10.0,341.0,8.1,523,12.5,78.0,1.9,33.0,0.8,2.0,61.0,11.3%,45.0,3.0,6.0,16.0,2.0,0.0,0.0,0.0,24.0,TE
Dallas Goedert (PHI),14.0,59.0,592,10.0,273.0,4.6,450,7.6,319.0,5.4,93.0,1.6,2.0,83.0,15.8%,61.0,2.0,10.0,24.0,6.0,1.0,1.0,0.0,49.0,TE
Dalton Kincaid (BUF),16.0,73.0,673,9.2,362.0,5.0,542,7.4,311.0,4.3,63.0,0.9,3.0,91.0,16.7%,78.0,4.0,9.0,23.0,5.0,1.0,1.0,1.0,51.0,TE
Jonnu Smith (MIA),17.0,50.0,582,11.6,225.0,4.5,459,9.2,357.0,7.1,118.0,2.4,6.0,70.0,13.8%,54.0,4.0,9.0,25.0,4.0,3.0,2.0,2.0,60.0,TE
Logan Thomas (SF),16.0,55.0,496,9.0,267.0,4.9,477,8.7,229.0,4.2,58.0,1.1,1.0,78.0,13.0%,57.0,2.0,9.0,17.0,3.0,0.0,0.0,0.0,29.0,TE
Isaiah Likely (BAL),17.0,30.0,411,13.7,195.0,6.5,249,8.3,216.0,7.2,94.0,3.1,5.0,40.0,8.4%,33.0,3.0,7.0,16.0,6.0,3.0,1.0,1.0,54.0,TE
Cade Otton (TB),17.0,47.0,455,9.7,235.0,5.0,452,9.6,220.0,4.7,54.0,1.1,4.0,67.0,12.2%,50.0,3.0,10.0,15.0,6.0,0.0,0.0,0.0,27.0,TE
Tyler Conklin (NYJ),17.0,61.0,621,10.2,375.0,6.1,595,9.8,246.0,4.0,71.0,1.2,2.0,87.0,15.5%,63.0,2.0,9.0,21.0,7.0,2.0,0.0,0.0,37.0,TE
Tyler Higbee (LAR),15.0,47.0,495,10.5,249.0,5.3,406,8.6,246.0,5.2,49.0,1.0,2.0,70.0,12.6%,55.0,7.0,5.0,20.0,6.0,2.0,0.0,0.0,33.0,TE
Darren Waller (FA),12.0,52.0,552,10.6,341.0,6.6,592,11.4,211.0,4.1,44.0,0.8,0.0,74.0,15.3%,55.0,3.0,4.0,21.0,8.0,0.0,0.0,0.0,29.0,TE
Juwan Johnson (NO),13.0,37.0,368,9.9,223.0,6.0,437,11.8,145.0,3.9,36.0,1.0,3.0,59.0,10.2%,40.0,3.0,7.0,14.0,7.0,1.0,0.0,0.0,32.0,TE
Gerald Everett (CHI),15.0,51.0,411,8.1,136.0,2.7,282,5.5,275.0,5.4,106.0,2.1,9.0,70.0,11.4%,53.0,2.0,10.0,16.0,4.0,1.0,0.0,0.0,31.0,TE
Chigoziem Okonkwo (TEN),17.0,54.0,528,9.8,266.0,4.9,527,9.8,262.0,4.9,69.0,1.3,5.0,77.0,16.1%,61.0,6.0,6.0,25.0,6.0,1.0,0.0,0.0,39.0,TE
Donald Parham Jr. (LAC),14.0,27.0,285,10.6,159.0,5.9,306,11.3,126.0,4.7,67.0,2.5,1.0,41.0,6.7%,30.0,3.0,10.0,15.0,2.0,0.0,0.0,0.0,24.0,TE
Tucker Kraft (GB),17.0,31.0,355,11.5,123.0,4.0,156,5.0,232.0,7.5,95.0,3.1,4.0,40.0,7.1%,31.0,0.0,7.0,10.0,5.0,2.0,1.0,0.0,43.0,TE
Pat Freiermuth (PIT),12.0,32.0,308,9.6,163.0,5.1,311,9.7,145.0,4.5,69.0,2.2,2.0,47.0,9.7%,33.0,0.0,6.0,11.0,3.0,0.0,0.0,0.0,29.0,TE
Michael Mayer (LV),14.0,27.0,304,11.3,140.0,5.2,219,8.1,164.0,6.1,57.0,2.1,3.0,40.0,7.5%,28.0,1.0,7.0,15.0,2.0,1.0,0.0,0.0,32.0,TE
Kylen Granson (IND),15.0,30.0,368,12.3,240.0,8.0,402,13.4,128.0,4.3,23.0,0.8,0.0,50.0,9.2%,33.0,3.0,5.0,14.0,5.0,2.0,2.0,0.0,46.0,TE
Noah Gray (KC),17.0,28.0,305,10.9,172.0,6.1,277,9.9,133.0,4.8,54.0,1.9,4.0,41.0,6.8%,30.0,1.0,3.0,12.0,4.0,2.0,0.0,0.0,34.0,TE
Noah Fant (SEA),17.0,32.0,414,12.9,237.0,7.4,298,9.3,177.0,5.5,42.0,1.3,1.0,43.0,7.9%,33.0,1.0,2.0,15.0,7.0,2.0,1.0,1.0,51.0,TE
Tanner Hudson (CIN),12.0,39.0,352,9.0,204.0,5.2,269,6.9,148.0,3.8,37.0,0.9,2.0,50.0,8.4%,40.0,1.0,3.0,15.0,3.0,0.0,0.0,0.0,26.0,TE
Luke Musgrave (GB),11.0,34.0,352,10.4,183.0,5.4,344,10.1,169.0,5.0,24.0,0.7,0.0,46.0,8.2%,37.0,3.0,5.0,12.0,5.0,2.0,0.0,0.0,37.0,TE
Adam Trautman (DEN),17.0,22.0,204,9.3,106.0,4.8,226,10.3,98.0,4.5,21.0,1.0,2.0,35.0,7.3%,22.0,0.0,13.0,7.0,2.0,0.0,0.0,0.0,24.0,TE
Tommy Tremble (CAR),16.0,23.0,194,8.4,99.0,4.3,204,8.9,95.0,4.1,40.0,1.7,3.0,32.0,6.0%,23.0,0.0,4.0,8.0,2.0,1.0,0.0,0.0,30.0,TE
Colby Parkinson (LAR),17.0,25.0,247,9.9,161.0,6.4,222,8.9,86.0,3.4,11.0,0.4,1.0,34.0,6.2%,27.0,2.0,8.0,8.0,5.0,0.0,0.0,0.0,27.0,TE
Durham Smythe (MIA),16.0,35.0,366,10.5,227.0,6.5,284,8.1,139.0,4.0,27.0,0.8,0.0,43.0,7.8%,37.0,1.0,4.0,16.0,3.0,0.0,0.0,0.0,22.0,TE
Mike Gesicki (CIN),17.0,29.0,244,8.4,148.0,5.1,375,12.9,96.0,3.3,8.0,0.3,0.0,45.0,8.3%,29.0,0.0,6.0,11.0,0.0,0.0,0.0,0.0,18.0,TE
Mo Alie-Cox (IND),17.0,13.0,161,12.4,81.0,6.2,222,17.1,80.0,6.2,24.0,1.8,1.0,22.0,4.0%,14.0,1.0,3.0,8.0,2.0,2.0,0.0,0.0,35.0,TE
Brevin Jordan (HOU),13.0,17.0,219,12.9,95.0,5.6,115,6.8,124.0,7.3,19.0,1.1,1.0,21.0,3.7%,18.0,1.0,2.0,10.0,3.0,0.0,0.0,0.0,27.0,TE
Dawson Knox (BUF),12.0,22.0,186,8.5,90.0,4.1,253,11.5,96.0,4.4,22.0,1.0,1.0,36.0,6.6%,26.0,4.0,8.0,11.0,0.0,0.0,0.0,0.0,17.0,TE
Josh Oliver (MIN),17.0,22.0,213,9.7,51.0,2.3,72,3.3,162.0,7.4,36.0,1.6,1.0,28.0,4.6%,22.0,0.0,5.0,11.0,3.0,1.0,0.0,0.0,33.0,TE
Drew Sample (CIN),17.0,22.0,163,7.4,-10.0,-0.5,29,1.3,173.0,7.9,29.0,1.3,1.0,27.0,4.6%,23.0,1.0,3.0,7.0,1.0,0.0,0.0,0.0,22.0,TE
Jimmy Graham (FA),13.0,6.0,39,6.5,36.0,6.0,42,7.0,3.0,0.5,1.0,0.2,0.0,7.0,1.2%,7.0,1.0,5.0,1.0,0.0,0.0,0.0,0.0,12.0,TE
Andrew Beck (HOU),15.0,11.0,55,5.0,18.0,1.6,22,2.0,37.0,3.4,7.0,0.6,1.0,13.0,2.3%,11.0,0.0,4.0,1.0,1.0,0.0,0.0,0.0,26.0,TE
Drew Ogletree (IND),12.0,9.0,147,16.3,117.0,13.0,209,23.2,30.0,3.3,12.0,1.3,1.0,21.0,3.8%,10.0,1.0,2.0,7.0,4.0,1.0,0.0,0.0,33.0,TE
Daniel Bellinger (NYG),17.0,25.0,255,10.2,121.0,4.8,130,5.2,134.0,5.4,57.0,2.3,2.0,28.0,5.8%,26.0,1.0,0.0,7.0,4.0,0.0,0.0,0.0,26.0,TE
Foster Moreau (NO),15.0,21.0,193,9.2,97.0,4.6,122,5.8,96.0,4.6,19.0,0.9,0.0,25.0,4.3%,22.0,1.0,4.0,8.0,1.0,0.0,0.0,0.0,23.0,TE
Harrison Bryant (LV),17.0,13.0,81,6.2,46.0,3.5,81,6.2,35.0,2.7,11.0,0.8,1.0,20.0,3.4%,15.0,2.0,5.0,1.0,1.0,0.0,0.0,0.0,23.0,TE
Pharaoh Brown (SEA),17.0,13.0,208,16.0,87.0,6.7,104,8.0,121.0,9.3,45.0,3.5,2.0,15.0,2.8%,13.0,0.0,0.0,7.0,5.0,1.0,1.0,1.0,58.0,TE
Zach Ertz (WAS),7.0,27.0,187,6.9,141.0,5.2,332,12.3,46.0,1.7,4.0,0.1,0.0,43.0,8.0%,29.0,2.0,7.0,7.0,0.0,0.0,0.0,0.0,17.0,TE
Hayden Hurst (LAC),10.0,18.0,184,10.2,117.0,6.5,242,13.4,67.0,3.7,13.0,0.7,1.0,32.0,6.0%,20.0,2.0,3.0,5.0,1.0,1.0,1.0,0.0,48.0,TE
Austin Hooper (NE),17.0,25.0,234,9.4,92.0,3.7,130,5.2,142.0,5.7,47.0,1.9,2.0,31.0,5.8%,26.0,1.0,3.0,10.0,2.0,0.0,0.0,0.0,21.0,TE
Will Dissly (LAC),16.0,17.0,172,10.1,52.0,3.1,62,3.6,120.0,7.1,42.0,2.5,2.0,22.0,4.0%,18.0,1.0,2.0,7.0,2.0,0.0,0.0,0.0,21.0,TE
Johnny Mundt (MIN),17.0,17.0,172,10.1,78.0,4.6,114,6.7,94.0,5.5,19.0,1.1,1.0,23.0,3.8%,18.0,0.0,4.0,7.0,2.0,1.0,0.0,0.0,32.0,TE
Elijah Higgins (ARI),11.0,14.0,163,11.6,96.0,6.9,128,9.1,67.0,4.8,17.0,1.2,0.0,19.0,3.5%,15.0,2.0,2.0,7.0,3.0,0.0,0.0,0.0,26.0,TE
Stone Smartt (LAC),16.0,11.0,155,14.1,99.0,9.0,180,16.4,56.0,5.1,40.0,3.6,1.0,21.0,3.4%,12.0,1.0,2.0,4.0,3.0,1.0,1.0,1.0,51.0,TE
Will Mallory (IND),12.0,18.0,207,11.5,118.0,6.6,203,11.3,89.0,4.9,23.0,1.3,0.0,26.0,4.8%,18.0,0.0,1.0,9.0,1.0,1.0,1.0,0.0,43.0,TE
Luke Schoonmaker (DAL),17.0,8.0,65,8.1,38.0,4.8,81,10.1,27.0,3.4,13.0,1.6,1.0,15.0,2.5%,11.0,3.0,5.0,4.0,0.0,0.0,0.0,0.0,18.0,TE
MyCole Pruitt (PIT),17.0,9.0,110,12.2,59.0,6.6,62,6.9,51.0,5.7,19.0,2.1,1.0,12.0,2.4%,9.0,0.0,3.0,6.0,2.0,0.0,0.0,0.0,22.0,TE
Connor Heyward (PIT),17.0,23.0,167,7.3,73.0,3.2,175,7.6,94.0,4.1,19.0,0.8,1.0,34.0,7.0%,25.0,2.0,3.0,9.0,0.0,0.0,0.0,0.0,13.0,TE
Lucas Krull (DEN),7.0,8.0,95,11.9,45.0,5.6,133,16.6,50.0,6.3,9.0,1.1,0.0,14.0,2.9%,8.0,0.0,2.0,3.0,1.0,1.0,0.0,0.0,35.0,TE
Irv Smith Jr. (KC),12.0,18.0,115,6.4,49.0,2.7,105,5.8,66.0,3.7,20.0,1.1,0.0,26.0,4.4%,21.0,3.0,5.0,4.0,0.0,0.0,0.0,0.0,14.0,TE
Luke Farrell (JAC),17.0,13.0,155,11.9,59.0,4.5,71,5.5,96.0,7.4,11.0,0.8,1.0,15.0,2.5%,13.0,0.0,1.0,4.0,2.0,1.0,1.0,0.0,42.0,TE
Davis Allen (LAR),15.0,10.0,95,9.5,21.0,2.1,24,2.4,74.0,7.4,7.0,0.7,0.0,11.0,2.0%,11.0,1.0,2.0,4.0,1.0,0.0,0.0,0.0,21.0,TE
Josh Whyle (TEN),11.0,9.0,94,10.4,54.0,6.0,147,16.3,40.0,4.4,15.0,1.7,1.0,15.0,3.1%,10.0,1.0,5.0,5.0,1.0,0.0,0.0,0.0,24.0,TE
Brock Wright (DET),14.0,13.0,91,7.0,42.0,3.2,40,3.1,49.0,3.8,12.0,0.9,0.0,14.0,2.4%,13.0,0.0,1.0,1.0,1.0,0.0,0.0,0.0,25.0,TE
Jeremy Ruckert (NYJ),15.0,16.0,151,9.4,100.0,6.3,139,8.7,51.0,3.2,14.0,0.9,0.0,22.0,3.9%,17.0,1.0,0.0,5.0,1.0,0.0,0.0,0.0,23.0,TE
John Bates (WAS),17.0,19.0,151,7.9,86.0,4.5,175,9.2,65.0,3.4,26.0,1.4,1.0,28.0,4.7%,22.0,3.0,3.0,5.0,1.0,1.0,0.0,0.0,35.0,TE
Charlie Kolar (BAL),14.0,7.0,87,12.4,70.0,10.0,88,12.6,17.0,2.4,0.0,0.0,0.0,9.0,1.9%,9.0,2.0,2.0,5.0,0.0,0.0,0.0,0.0,19.0,TE
Jordan Akins (CLE),17.0,15.0,132,8.8,74.0,4.9,109,7.3,58.0,3.9,21.0,1.4,3.0,23.0,3.9%,17.0,2.0,0.0,5.0,1.0,0.0,0.0,0.0,28.0,TE
Stephen Sullivan (CAR),11.0,12.0,125,10.4,117.0,9.8,255,21.3,8.0,0.7,1.0,0.1,0.0,24.0,4.5%,13.0,1.0,0.0,5.0,1.0,0.0,0.0,0.0,20.0,TE
Cole Turner (WAS),12.0,11.0,120,10.9,70.0,6.4,105,9.5,50.0,4.5,19.0,1.7,0.0,15.0,2.5%,12.0,1.0,4.0,4.0,2.0,0.0,0.0,0.0,29.0,TE
C.J. Uzomah (PHI),12.0,8.0,58,7.3,25.0,3.1,64,8.0,33.0,4.1,21.0,2.6,2.0,12.0,2.1%,9.0,1.0,4.0,1.0,0.0,0.0,0.0,0.0,19.0,TE
Robert Tonyan (MIN),17.0,11.0,112,10.2,55.0,5.0,145,13.2,57.0,5.2,12.0,1.1,1.0,17.0,3.6%,13.0,2.0,2.0,5.0,1.0,0.0,0.0,0.0,24.0,TE
Brenton Strange (JAC),14.0,5.0,35,7.0,7.0,1.4,68,13.6,28.0,5.6,3.0,0.6,0.0,9.0,1.5%,6.0,0.0,4.0,2.0,0.0,0.0,0.0,0.0,17.0,TE
Geoff Swaim (FA),14.0,10.0,94,9.4,64.0,6.4,60,6.0,30.0,3.0,9.0,0.9,0.0,11.0,2.0%,10.0,0.0,2.0,3.0,1.0,0.0,0.0,0.0,26.0,TE
Marcedes Lewis (CHI),17.0,4.0,29,7.3,0.0,0.0,9,2.3,29.0,7.3,3.0,0.8,0.0,5.0,1.0%,4.0,0.0,2.0,1.0,0.0,0.0,0.0,0.0,16.0,TE
Ben Sims (GB),16.0,4.0,21,5.3,3.0,0.8,30,7.5,18.0,4.5,12.0,3.0,0.0,6.0,1.1%,4.0,0.0,2.0,1.0,0.0,0.0,0.0,0.0,12.0,TE
Brycen Hopkins (FA),15.0,5.0,78,15.6,46.0,9.2,66,13.2,32.0,6.4,13.0,2.6,0.0,7.0,1.3%,5.0,0.0,1.0,3.0,2.0,0.0,0.0,0.0,29.0,TE
Blake Bell (FA),17.0,5.0,26,5.2,7.0,1.4,30,6.0,19.0,3.8,5.0,1.0,0.0,9.0,1.5%,6.0,1.0,1.0,0.0,0.0,0.0,0.0,0.0,8.0,TE
Josiah Deguara (JAC),15.0,8.0,65,8.1,26.0,3.3,26,3.3,39.0,4.9,10.0,1.3,0.0,8.0,1.4%,8.0,0.0,0.0,2.0,0.0,0.0,0.0,0.0,19.0,TE
Ko Kieft (TB),16.0,1.0,2,2.0,0.0,0.0,61,61.0,2.0,2.0,1.0,1.0,0.0,5.0,0.9%,1.0,0.0,2.0,0.0,0.0,0.0,0.0,0.0,2.0,TE
Darnell Washington (PIT),17.0,7.0,61,8.7,11.0,1.6,11,1.6,50.0,7.1,21.0,3.0,1.0,10.0,2.1%,7.0,0.0,1.0,3.0,0.0,0.0,0.0,0.0,12.0,TE
Payne Durham (TB),13.0,5.0,58,11.6,46.0,9.2,73,14.6,12.0,2.4,0.0,0.0,0.0,7.0,1.3%,7.0,2.0,1.0,2.0,1.0,0.0,0.0,0.0,25.0,TE
Ian Thomas (CAR),12.0,5.0,56,11.2,23.0,4.6,78,15.6,33.0,6.6,15.0,3.0,1.0,9.0,1.7%,6.0,1.0,1.0,1.0,1.0,0.0,0.0,0.0,28.0,TE
Mitchell Wilcox (NE),17.0,9.0,56,6.2,8.0,0.9,12,1.3,48.0,5.3,9.0,1.0,0.0,12.0,2.0%,10.0,1.0,2.0,3.0,0.0,0.0,0.0,0.0,12.0,TE
Grant Calcaterra (PHI),14.0,4.0,39,9.8,7.0,1.8,7,1.8,32.0,8.0,14.0,3.5,1.0,4.0,0.8%,4.0,0.0,1.0,2.0,0.0,0.0,0.0,0.0,12.0,TE
Jack Stoll (NYG),17.0,5.0,38,7.6,13.0,2.6,25,5.0,25.0,5.0,11.0,2.2,1.0,8.0,1.5%,6.0,1.0,2.0,2.0,0.0,0.0,0.0,0.0,14.0,TE
Peyton Hendershot (DAL),8.0,4.0,38,9.5,9.0,2.3,26,6.5,29.0,7.3,7.0,1.8,0.0,7.0,1.2%,6.0,2.0,2.0,1.0,1.0,0.0,0.0,0.0,24.0,TE
Charlie Woerner (ATL),17.0,3.0,32,10.7,12.0,4.0,12,4.0,20.0,6.7,9.0,3.0,0.0,3.0,0.6%,3.0,0.0,1.0,1.0,1.0,0.0,0.0,0.0,20.0,TE
Julian Hill (MIA),15.0,6.0,48,8.0,18.0,3.0,29,4.8,30.0,5.0,16.0,2.7,0.0,9.0,1.6%,6.0,0.0,1.0,2.0,0.0,0.0,0.0,0.0,18.0,TE
Kenny Yeboah (NYJ),5.0,2.0,28,14.0,8.0,4.0,19,9.5,20.0,10.0,7.0,3.5,1.0,4.0,0.7%,2.0,0.0,0.0,1.0,1.0,0.0,0.0,0.0,20.0,TE
Greg Dulcich (DEN),2.0,3.0,25,8.3,20.0,6.7,23,7.7,5.0,1.7,0.0,0.0,0.0,4.0,0.8%,3.0,0.0,0.0,1.0,0.0,0.0,0.0,0.0,13.0,TE
Nate Adkins (DEN),10.0,4.0,22,5.5,-2.0,-0.5,-5,-1.3,24.0,6.0,5.0,1.3,0.0,5.0,1.0%,5.0,1.0,0.0,1.0,0.0,0.0,0.0,0.0,11.0,TE
Chris Manhertz (NYG),16.0,2.0,16,8.0,6.0,3.0,12,6.0,10.0,5.0,4.0,2.0,0.0,4.0,0.8%,2.0,0.0,1.0,1.0,0.0,0.0,0.0,0.0,10.0,TE
Eric Saubert (SF),8.0,3.0,12,4.0,6.0,2.0,6,2.0,6.0,2.0,1.0,0.3,0.0,3.0,0.5%,3.0,0.0,0.0,0.0,0.0,0.0,0.0,0.0,5.0,TE
,,,,,,,,,,,,,,,,,,,,,,,,,TE
,,,,,,,,,,,,,,,,,,,,,,,,,TE
